Elite Nutrition SAS	Leidy Cordoba	Gerente de Auditoria	Pentágono	1
Elite Nutrition SAS	Jonathan Diaz	Líder de Seguridad	Pentágono	3
Elite Nutrition SAS	Brandon Montaño	Analista de Calidad y Servicio al Cliente	Pentágono	3
Elite Nutrition SAS	Oscar Pejendino	Analista de Sistemas y Control de Activos Fijos	Pentágono	3
Elite Nutrition SAS	NA	Auditor Interno	Pentágono	3
Elite Nutrition SAS	NA	Analista Externo de Mercado	Pentágono	3
Elite Nutrition SAS	NA	Seguridad	Pentágono	3
Elite Nutrition SAS	Alicia Peña	Servicios Generales	Pentágono	3
Elite Nutrition SAS	Carmenza Martinez	Servicios Generales	Pentágono	3
Elite Nutrition SAS	NA	Gerente de Cadena de Abastecimiento	Cadena de Abastecimiento	2
Elite Nutrition SAS	Santiago Aristizabal	Líder de Logística	Cadena de Abastecimiento	3
Elite Nutrition SAS	Jhojanna Velez	Líder de Proyectos	Cadena de Abastecimiento	3
Elite Nutrition SAS	Jhojanna Velez	Especialista de Compras	Cadena de Abastecimiento	3
Elite Nutrition SAS	Alexander Zapata	Analista de Empaque	Cadena de Abastecimiento	3
Elite Nutrition SAS	Santiago Zapata	Analista de Despachos	Cadena de Abastecimiento	3
Elite Nutrition SAS	Armando Grajales	Analista de Alistamiento	Cadena de Abastecimiento	3
Elite Nutrition SAS	Jhoan Grajales	Conductor	Cadena de Abastecimiento	3
Elite Nutrition SAS	Felipe Lopez	Logístico Junín	Cadena de Abastecimiento	3
Elite Nutrition SAS	Jhon Guzman	Gerente de Tecnología	Tecnología	1
Elite Nutrition SAS	Sergio Rodriguez	Especialista de Procesos	Tecnología	1
Elite Nutrition SAS	Brahian Vera	Especialista de Datos	Tecnología	2
Elite Nutrition SAS	Gerardo Posada	Ingeniero de Sistemas	Tecnología	3
Elite Nutrition SAS	Juan Diego Aristizabal	Especialista de Automatización	Tecnología	3
Elite Nutrition SAS	NA	Especialista de Automatización Externos	Tecnología	3
Elite Nutrition SAS	Nataly Salguero	Analista de Procesos	Tecnología	1
Elite Nutrition SAS	NA	Analista de Soporte Técnico	Tecnología	3
Elite Nutrition SAS	Monica Vargas	Gerente de Gestión Humana	Gestión Humana	1
Elite Nutrition SAS	Angela Mambuscay	Especialista de Gestión Humana	Gestión Humana	1
Elite Nutrition SAS	Robert Betancourt	Analista de Selección	Gestión Humana	3
Elite Nutrition SAS	Lina Jimenez	Gerente de Contabilidad	Contabilidad	2
Elite Nutrition SAS	Alejandro Moreno	Analista Contable	Contabilidad	3
Elite Nutrition SAS	Julieth Peña	Auxiliar Contable	Contabilidad	3
Elite Nutrition SAS	Juan David Ramos	Tesorería	Contabilidad	3
Elite Nutrition SAS	Katerin Giraldo	Especialista de Facturación	Contabilidad	3
Elite Nutrition SAS	Valeria Londoño	Analista de Facturación	Contabilidad	3
Elite Nutrition SAS	Marcela Chala	Analista de Facturación	Contabilidad	3
Elite Nutrition SAS	Alexander Figueroa	Director Comercial	Comercial	1
Elite Nutrition SAS	Carlos Tello	Coordinador Comercial	Comercial	3
Elite Nutrition SAS	Daniela Riascos	Especialista de Proyectos Comerciales	Comercial	2
Elite Nutrition SAS	NA	Líder Creativo de Marca Personal	Comercial	3
Elite Nutrition SAS	NA	Líder de Canal Mayoristas	Comercial	3
Elite Nutrition SAS	Mauricio Reyes	Asesor Comercial	Comercial	3
Elite Nutrition SAS	Carolina Reyes	Asesor Comercial	Comercial	3
Elite Nutrition SAS	Liliana Trujillo	Asesor Comercial	Comercial	3
Elite Nutrition SAS	Daniela Martinez	Asesor Comercial Punto de Venta	Comercial	3
Elite Nutrition SAS	Sandra Silva	Asesor Comercial y Respond	Comercial	3
Elite Nutrition SAS	Sebastian Quintero	Especialista Internacional	Comercial	3
Elite Nutrition SAS	Laura Alvarez	Especialista Dropshipping	Comercial	3
Elite Nutrition SAS	Junior Vivas	Especialista Ecommerce	Comercial	3
Elite Nutrition SAS	NA	Community Manager de Marca Personal	Comercial	3
Elite Nutrition SAS	NA	Filmmaker de Marca Personal	Comercial	3
Elite Nutrition SAS	NA	Publicista de Marca Personal	Comercial	3
Elite Nutrition SAS	NA	Editor de Contenido de Marca Personal	Comercial	3
Elite Nutrition SAS	Andrea Rodriguez	Asesor Comercial Mayorista	Comercial	3
Elite Nutrition SAS	NA	Asesor Comercial TAT	Comercial	3
Elite Nutrition SAS	Laura Rodriguez	Asesor Comercial Internacional	Comercial	3
Elite Nutrition SAS	Carolina Ortiz	Asesor Comercial Internacional	Comercial	3
Elite Nutrition SAS	Samara Medina	Asesor Comercial TAT Internacional	Comercial	3
Elite Nutrition SAS	Camila Giraldo	Especialista Logístico USA	Comercial	3
Elite Nutrition SAS	Lorena Torres	Asesor Comercial Dropshipping	Comercial	3
Elite Nutrition SAS	NA	Gerente de Mercadeo	Mercadeo	2
Elite Nutrition SAS	NA	Coordinador Creativo	Mercadeo	3
Elite Nutrition SAS	NA	Director de Contenido	Mercadeo	3
Elite Nutrition SAS	Angelica Mendoza	Community Manager	Mercadeo	3
Elite Nutrition SAS	Alejandra Galvis	Diseñador Gráfico	Mercadeo	3
Elite Nutrition SAS	Juan David Arturo	Filmmaker	Mercadeo	3
Elite Nutrition SAS	Juan Diego Guzman	Trafficker	Mercadeo	3
Elite Nutrition SAS	NA	Publicista	Mercadeo	3
Elite Nutrition SAS	NA	Editor de Contenido	Mercadeo	3
Elite Nutrition SAS	Jonathan Marin	Especialista Jurídico	Jurídico	2
Elite Nutrition SAS	NA	Asistente General	Administrativo	2
Elite Nutrition SAS	NA	Gerente General	Administrativo	1
Elite Nutrition SAS	Juan Camilo Rodriguez	CEO	Administrativo	1
Futupro	NA	Gerente de Producción	Producción	2
Futupro	Santiago Castro	Especialista Químico	Producción	3
Futupro	Yolima Manzano	Especialista de Calidad de Producción	Producción	3
Futupro	Nestor Tintinago	Gerente de Cadena de Abastecimiento	Cadena de Abastecimiento	2
Futupro	Lorena Zuñiga	Líder de Logística	Cadena de Abastecimiento	3
Futupro	Juan Pablo Muñoz	Especialista de Compras	Cadena de Abastecimiento	3
Futupro	Oscar Maya	Líder de Mantenimiento y Proyectos	Cadena de Abastecimiento	3
Futupro	Jose Alomias	Analista de Bodega	Cadena de Abastecimiento	3
Futupro	Juan Pablo Sanchez	Analista de Bodega	Cadena de Abastecimiento	3
Futupro	Carlos Garcia	Conductor	Cadena de Abastecimiento	3
Futupro	Victor Patiño	Auxiliar de Mantenimiento	Cadena de Abastecimiento	3
Futupro	Monica Vargas	Gerente de Gestión Humana	Gestión Humana	1
Futupro	Natalia Romero	Especialista de Gestión Humana	Gestión Humana	1
Futupro	Robert Betancourt	Analista de Selección	Gestión Humana	3
Futupro	Maryluz Sanchez	Servicios Generales	Gestión Humana	3
Futupro	NA	Auxiliar de Archivos	Gestión Humana	3
Futupro	Karen Ossa	Gerente de Contabilidad	Contabilidad	2
Futupro	John Bolaños	Analista Contable	Contabilidad	3
Futupro	Mateo Mejia	Gerente Comercial	Comercial	2
Futupro	Paola Garcia	Ejecutivo Comercial de Maquila	Comercial	3
Futupro	NA	Asistente Operativa Comercial	Comercial	3
Futupro	NA	Licitador	Comercial	3
Futupro	Emilio Diaz	Publicista	Comercial	3
Futupro	NA	Especialista de Compras Comerciales	Comercial	3
Futupro	NA	Trafficker	Comercial	3
Futupro	Jonathan Mutis	Líder de Diseño y Desarrollo	Diseño y Desarrollo	2
Futupro	Veronica Gomez	Diseñador Gráfico	Diseño y Desarrollo	3
Futupro	Lina Diaz	Diseñador Gráfico	Diseño y Desarrollo	3
Futupro	Diana Cifuentes	Desarrollador de Producto	Diseño y Desarrollo	3
Futupro	NA	Líder Creativo	Mercadeo	2
Futupro	NA	Filmmaker	Mercadeo	3
Futupro	NA	Community Manager	Mercadeo	3
Futupro	Leidy Cordoba	Gerente de Auditoria	Pentágono	1
Futupro	Oscar Pejendino	Analista de Sistemas y Control de Activos Fijos	Pentágono	3
Futupro	Jonathan Marin	Líder Jurídico	Jurídico	2
Futupro	Jhon Guzman	Gerente de Tecnología	Tecnología	1
Futupro	Sergio Rodriguez	Especialista de Procesos	Tecnología	1
Futupro	Brahian Vera	Especialista de Datos	Tecnología	2
Futupro	Nataly Salguero	Analista de Procesos	Tecnología	1
Futupro	NA	Asistente General	Administrativo	2
Futupro	Jaime Malpica	Gerente General	Administrativo	1
Futupro	Juan Camilo Rodriguez	CEO	Administrativo	1
